{
  "model_type": "nn",
  "metrics": {
    "accuracy": 0.9995084442259752,
    "precision": 0.9375,
    "recall": 0.7653061224489796,
    "f1_score": 0.8426966292134831,
    "roc_auc": 0.9738480032558887,
    "average_precision": 0.854714214290679,
    "optimal_threshold": 0.9982478618621826,
    "confusion_matrix": [
      [
        56859,
        5
      ],
      [
        23,
        75
      ]
    ],
    "classification_report": {
      "0.0": {
        "precision": 0.9995956541612461,
        "recall": 0.9999120709060214,
        "f1-score": 0.9997538374975823,
        "support": 56864.0
      },
      "1.0": {
        "precision": 0.9375,
        "recall": 0.7653061224489796,
        "f1-score": 0.8426966292134831,
        "support": 98.0
      },
      "accuracy": 0.9995084442259752,
      "macro avg": {
        "precision": 0.968547827080623,
        "recall": 0.8826090966775004,
        "f1-score": 0.9212252333555326,
        "support": 56962.0
      },
      "weighted avg": {
        "precision": 0.9994888219905392,
        "recall": 0.9995084442259752,
        "f1-score": 0.9994836291760373,
        "support": 56962.0
      }
    },
    "precision_recall_curve": {
      "precision": [
        0.0017204452090867595,
        0.0017450763916093878,
        0.0017630021407883138,
        0.0017813323639007544,
        0.0018000477563690465,
        0.0018191605873289897,
        0.001838683652601362,
        0.0018586303032601893,
        0.0018789784492675818,
        0.0018998507260143845,
        0.0019211166000156826,
        0.001942902458366376,
        0.0019651486895666645,
        0.001987990912041545,
        0.0020112878399179066,
        0.00203526406512845,
        0.002059818820018076,
        0.0020849289422176834,
        0.0021105679150604096,
        0.002136938508504143,
        0.0021638808540705248,
        0.0021917563124818286,
        0.0022201078338090706,
        0.002249202451171651,
        0.0022792817936552238,
        0.0023101221064541983,
        0.0023416405820649447,
        0.002374031007751938,
        0.0024073300744307156,
        0.002441819903323865,
        0.002477312368866756,
        0.0025137228748781616,
        0.0025514853289593585,
        0.0025901942645698427,
        0.0026298840704164876,
        0.0026711731356301787,
        0.002713478790563739,
        0.0027570685047123363,
        0.002802321923879786,
        0.002819849414227158,
        0.0028676166262638207,
        0.00291720549757902,
        0.0029683579166411653,
        0.0030212421354264,
        0.0030762400101484208,
        0.0031329737411582314,
        0.003191944453585179,
        0.0032536141951497667,
        0.0033174869181572557,
        0.0033837996232470523,
        0.0034526945255214637,
        0.0035245812288797647,
        0.0036000593824228027,
        0.00367814348551494,
        0.003721362949180137,
        0.0038057482656095143,
        0.0038942073665422685,
        0.003986710963455149,
        0.004084584946602562,
        0.0041864724608608435,
        0.004293573057829062,
        0.004360398402717217,
        0.00447796370492576,
        0.004602936188768836,
        0.00473437655736071,
        0.004873294346978557,
        0.005020876275038317,
        0.005177676040985394,
        0.005343983799291219,
        0.0055229347130980756,
        0.005712911179265139,
        0.005916791230692576,
        0.006135365538620511,
        0.006304070820199853,
        0.006485355648535565,
        0.006754793724578733,
        0.006971281351822384,
        0.007287705956907478,
        0.0076342212264542365,
        0.008013937282229966,
        0.008434950032089484,
        0.00880503144654088,
        0.009320905459387484,
        0.009900990099009901,
        0.010556844547563804,
        0.011308562197092083,
        0.01217391304347826,
        0.013180764774044033,
        0.014369177325122376,
        0.015795868772782502,
        0.0175472425761666,
        0.01950585175552666,
        0.022013356418501114,
        0.025648414985590777,
        0.030700241462573302,
        0.03823024054982818,
        0.05074116305587229,
        0.07523245984784446,
        0.14614121510673234,
        1.0
      ],
      "recall": [
        1.0,
        1.0,
        1.0,
        1.0,
        1.0,
        1.0,
        1.0,
        1.0,
        1.0,
        1.0,
        1.0,
        1.0,
        1.0,
        1.0,
        1.0,
        1.0,
        1.0,
        1.0,
        1.0,
        1.0,
        1.0,
        1.0,
        1.0,
        1.0,
        1.0,
        1.0,
        1.0,
        1.0,
        1.0,
        1.0,
        1.0,
        1.0,
        1.0,
        1.0,
        1.0,
        1.0,
        1.0,
        1.0,
        1.0,
        0.9897959183673469,
        0.9897959183673469,
        0.9897959183673469,
        0.9897959183673469,
        0.9897959183673469,
        0.9897959183673469,
        0.9897959183673469,
        0.9897959183673469,
        0.9897959183673469,
        0.9897959183673469,
        0.9897959183673469,
        0.9897959183673469,
        0.9897959183673469,
        0.9897959183673469,
        0.9897959183673469,
        0.9795918367346939,
        0.9795918367346939,
        0.9795918367346939,
        0.9795918367346939,
        0.9795918367346939,
        0.9795918367346939,
        0.9795918367346939,
        0.9693877551020408,
        0.9693877551020408,
        0.9693877551020408,
        0.9693877551020408,
        0.9693877551020408,
        0.9693877551020408,
        0.9693877551020408,
        0.9693877551020408,
        0.9693877551020408,
        0.9693877551020408,
        0.9693877551020408,
        0.9693877551020408,
        0.9591836734693877,
        0.9489795918367347,
        0.9489795918367347,
        0.9387755102040817,
        0.9387755102040817,
        0.9387755102040817,
        0.9387755102040817,
        0.9387755102040817,
        0.9285714285714286,
        0.9285714285714286,
        0.9285714285714286,
        0.9285714285714286,
        0.9285714285714286,
        0.9285714285714286,
        0.9285714285714286,
        0.9285714285714286,
        0.9285714285714286,
        0.9285714285714286,
        0.9183673469387755,
        0.9081632653061225,
        0.9081632653061225,
        0.9081632653061225,
        0.9081632653061225,
        0.9081632653061225,
        0.9081632653061225,
        0.9081632653061225,
        0.0
      ]
    }
  },
  "dataset_info": {
    "total_transactions": 284807,
    "fraud_count": 492,
    "normal_count": 284315,
    "fraud_percentage": 0.1727485630620034,
    "features": [
      "Time",
      "V1",
      "V2",
      "V3",
      "V4",
      "V5",
      "V6",
      "V7",
      "V8",
      "V9",
      "V10",
      "V11",
      "V12",
      "V13",
      "V14",
      "V15",
      "V16",
      "V17",
      "V18",
      "V19",
      "V20",
      "V21",
      "V22",
      "V23",
      "V24",
      "V25",
      "V26",
      "V27",
      "V28",
      "Amount"
    ],
    "time_range": [
      0.0,
      172792.0
    ],
    "amount_range": [
      0.0,
      25691.16
    ]
  },
  "training_history": [
    {
      "epoch": 1,
      "loss": 0.07248548733947834,
      "lr": 0.001
    },
    {
      "epoch": 2,
      "loss": 0.02601153358002652,
      "lr": 0.001
    },
    {
      "epoch": 3,
      "loss": 0.01860118643809152,
      "lr": 0.001
    },
    {
      "epoch": 4,
      "loss": 0.015277776413576988,
      "lr": 0.001
    },
    {
      "epoch": 5,
      "loss": 0.013620457571409575,
      "lr": 0.001
    },
    {
      "epoch": 6,
      "loss": 0.01241529822278402,
      "lr": 0.001
    },
    {
      "epoch": 7,
      "loss": 0.012056146857327272,
      "lr": 0.001
    },
    {
      "epoch": 8,
      "loss": 0.010522134864372836,
      "lr": 0.001
    },
    {
      "epoch": 9,
      "loss": 0.010288869870108784,
      "lr": 0.001
    },
    {
      "epoch": 10,
      "loss": 0.009718083695494912,